Avg X,Avg Y,Length (μm),Velocity (μm/ms),Uncertainty (μm/ms)
1314.5,637.0,114.55416235992489,2.2639162521724288,0.10298406852675297
